insert into category values(18140,'1234');
insert into category values(18141,'1235');
insert into category values(18142,'1236');
insert into category values(18143,'1237');
insert into category values(18144,'1238');
insert into category values(18145,'1239');
insert into category values(18146,'1230');
insert into category values(18147,'1231');
insert into category values(18148,'1232');
insert into category values(18149,'1233');

insert into supplier values(18142,'0173','Mona','Dhaka');
insert into supplier values(18143,'0174','Riya','Mirpur');
insert into supplier values(18144,'0175','Riysa','Banani');
insert into supplier values(18145,'0176','Mim','Badda');
insert into supplier values(18146,'0177','Mira','Gulsan');
insert into supplier values(18147,'0178','Abir','Mohammadpor');
insert into supplier values(18148,'0179','Thameed','Uttara');
insert into supplier values(18149,'0170','Sumaiya','Gazipur');
insert into supplier values(18140,'0171','Eira','Barishal');
insert into supplier values(18141,'0172','Sumi','Khulna');


insert into customer values(181400125,'mymona@gmail','01735','mymona','12');
insert into customer values(181400126,'mina@gmail','01736','Mina','13');
insert into customer values(181400127,'maisa@gmail','01737','Maisa','14');
insert into customer values(181400128,'poly@gmail','01738','Poly','15');
insert into customer values(181400129,'koli@gmail','01739','Koli','16');
insert into customer values(181400130,'rana@gmail','01740','Rana','17');
insert into customer values(181400131,'akash@gmail','01741','Akash','18');
insert into customer values(181400132,'marin@gmail','01742','Marin','19');
insert into customer values(181400133,'kawser@gmail','01743','Kawser','20');
insert into customer values(181400134,'israt@gmail','01744','Israt','21');


insert into product values(18146,'Mobile',30000,154,18142,18140,181400125);
insert into product values(18147,'Headphones',3000,155,18143,18141,181400126);
insert into product values(18148,'Cover',400,156,18144,18142,181400127);
insert into product values(18149,'Speaker',5000,157,18145,18143,181400128);
insert into product values(18150,'Tv',40000,158,18146,18144,181400129);
insert into product values(18151,'Computer',80000,159,18147,18145,181400130);
insert into product values(18152,'Laptop',80000,160,18148,18146,181400131);
insert into product values(18153,'Pendrive',2000,160,18149,18147,181400132);
insert into product values(18154,'Desktop',4000,160,18140,18148,181400133);
insert into product values(18155,'Monitor',40000,160,18141,18149,181400134);


insert into courrier values(18145,'Mohammadpor','Mona','01735');
insert into courrier values(18146,'Dhaka','Mina','01736');
insert into courrier values(18147,'Mirpur','Maisa','01737');
insert into courrier values(18148,'Narsingdi','Poly','01738');
insert into courrier values(18149,'Gulsan','Koli','01739');
insert into courrier values(18150,'Danmondi','Rana','01740');
insert into courrier values(18151,'Barishal','Akash','01741');
insert into courrier values(18152,'Badda','Marin','01742');
insert into courrier values(18153,'Banani','Kawser','01743');
insert into courrier values(18154,'Khulna','Israt','01744');


insert into orders values(18140,'03-jun-21','processing',12,181400125,18146,18145);
insert into orders values(18141,'04-jun-21','process',13,181400126,18147,18146);
insert into orders values(18142,'05-jun-21','pending',14,181400127,18148,18147);
insert into orders values(18143,'06-jun-21','process',15,181400128,18149,18148);
insert into orders values(18144,'07-jun-21','processing',16,181400129,18150,18149);
insert into orders values(18145,'08-jun-21','process',17,181400130,18151,18150);
insert into orders values(18146,'09-jun-21','pending',18,181400131,18152,18151);
insert into orders values(18147,'10-jun-21','process',19,181400132,18153,18152);
insert into orders values(18148,'11-jun-21','pending',20,181400133,18154,18153);
insert into orders values(18149,'12-jun-21','process',21,181400134,18155,18154);



insert into Online_shop values('10','Mona','Dhaka','01743',18146);
insert into Online_shop values('10','Mona','Dhaka','01743',18147);
insert into Online_shop values('10','Mona','Dhaka','01743',18148);
insert into Online_shop values('10','Mona','Dhaka','01743',18149);
insert into Online_shop values('10','Mona','Dhaka','01743',18150);
insert into Online_shop values('10','Mona','Dhaka','01743',18151);
insert into Online_shop values('10','Mona','Dhaka','01743',18152);
insert into Online_shop values('10','Mona','Dhaka','01743',18153);
insert into Online_shop values('10','Mona','Dhaka','01743',18154);
insert into Online_shop values('10','Mona','Dhaka','01743',18155);




